{"SASA": 1806.489330850287, "Average_pLDDT": 42.13326086956522, "start": 277, "end": 414}